[{"minLOD":"lod0","scriptFilePath":null,"message":"export","version":1,"resolution":"4K","resolutionValue":"4096","category":"Foliage","type":"atlas","id":"pdElR2","name":"Plant Assorted","path":"C:\\Users\\Jon.Bland\\Desktop\\MS_ClimberBineV1_Source\\climber_bines_pdElR2","exportAs":"default","textureFormat":"image/png","meshFormat":"","previewImage":"C:\\Users\\Jon.Bland\\Desktop\\MS_ClimberBineV1_Source\\climber_bines_pdElR2\\preview.png","averageColor":"#849332","tags":["green","leaf","arrow head","vine","yellow ","archviz"],"activeLOD":"","categories":["atlas","climber","bines"],"isExternal":false,"exportPath":"C:\\Users\\Jon.Bland\\Desktop\\MS_ClimberBineV1_Source","namingConvention":"","folderNamingConvention":"","mapNameOverride":{"Albedo":"Albedo","AO":"AO","Brush":"Brush","Bump":"Bump","Cavity":"Cavity","Curvature":"Curvature","Diffuse":"Diffuse","Displacement":"Displacement","Fuzz":"Fuzz","Gloss":"Gloss","Metalness":"Metalness","Normal":"Normal","Opacity":"Opacity","Roughness":"Roughness","Specular":"Specular","Thickness":"Thickness","Translucency":"Translucency"},"meta":[{"key":"scanArea","name":"Scan Area","value":"0.5x0.5 m"},{"key":"height","name":"Height","value":"0.005 m"},{"key":"tileable","name":"Tileable","value":"false"},{"key":"texelDensity","name":"Texel Density","value":"8192 px/m"},{"key":"calibration","name":"Calibration","value":"X-Rite ColorChecker Classic"},{"key":"scanner","name":"Scanner","value":"MKI"}],"workflow":"specular","components":[{"format":"png","type":"albedo","resolution":"4K","name":"pdElR_4K_Albedo.png","nameOverride":"pdElR_4K_Albedo.png","path":"C:\\Users\\Jon.Bland\\Desktop\\MS_ClimberBineV1_Source\\climber_bines_pdElR2\\pdElR_4K_Albedo.png"},{"format":"png","type":"displacement","resolution":"4K","name":"pdElR_4K_Displacement.png","nameOverride":"pdElR_4K_Displacement.png","path":"C:\\Users\\Jon.Bland\\Desktop\\MS_ClimberBineV1_Source\\climber_bines_pdElR2\\pdElR_4K_Displacement.png"},{"format":"png","type":"normal","resolution":"4K","name":"pdElR_4K_Normal.png","nameOverride":"pdElR_4K_Normal.png","path":"C:\\Users\\Jon.Bland\\Desktop\\MS_ClimberBineV1_Source\\climber_bines_pdElR2\\pdElR_4K_Normal.png"},{"format":"png","type":"opacity","resolution":"4K","name":"pdElR_4K_Opacity.png","nameOverride":"pdElR_4K_Opacity.png","path":"C:\\Users\\Jon.Bland\\Desktop\\MS_ClimberBineV1_Source\\climber_bines_pdElR2\\pdElR_4K_Opacity.png"},{"format":"png","type":"roughness","resolution":"4K","name":"pdElR_4K_Roughness.png","nameOverride":"pdElR_4K_Roughness.png","path":"C:\\Users\\Jon.Bland\\Desktop\\MS_ClimberBineV1_Source\\climber_bines_pdElR2\\pdElR_4K_Roughness.png"},{"format":"png","type":"translucency","resolution":"4K","name":"pdElR_4K_Translucency.png","nameOverride":"pdElR_4K_Translucency.png","path":"C:\\Users\\Jon.Bland\\Desktop\\MS_ClimberBineV1_Source\\climber_bines_pdElR2\\pdElR_4K_Translucency.png"}],"meshList":[],"packedTextures":[],"lodList":[],"meshVersion":1,"isCustom":false}]